﻿Designator,Quantity,Value,Footprint,Package,MPN,DNP,Mount_Type,Description,MF,Description_1,Price,Check_prices,SnapEDA_Link,MP,Availability,Manufacturer,OC_FARNELL,SUPPLIER,OC_NEWARK
A2,1,Arduino_Nano_v3.x,Arduino_Nano,,,,tht,Arduino Nano v3.x,,,,,,,,,,,
"AFF2, AFF3, AFF4, AFF5",4,LTS-6980HR,7SegmentLED_LTS6760_LTS6780,,,,tht,"DISPLAY 7 SEGMENTS common K, high efficient red",,,,,,,,,,,
"SW4, SW5, SW6",3,SW_Push,SW_PUSH_6mm_H5mm,,,,tht,"Push button switch, generic, two pins",,,,,,,,,,,
U2,1,CD4511BE,DIP794W45P254L1969H508Q16,PDIP-16 Texas Instruments,,,tht,,Texas Instruments,CMOS BCD-to-7-Segment LED Latch Decoder Drivers,None,https://www.snapeda.com/parts/CD4511BE/Texas+Instruments/view-part/?ref=eda,https://www.snapeda.com/parts/CD4511BE/Texas+Instruments/view-part/?ref=snap,CD4511BE,In Stock,Texas Instruments,,,
U7,1,74HC138N_652,DIP254P762X470-16,DIP-16,"74HC138N,652",,tht,,NXP USA,Decoder/Demultiplexer 1 x 3:8 16-DIP,None,"https://www.snapeda.com/parts/74HC138N,652/NXP+Semiconductors/view-part/?ref=eda","https://www.snapeda.com/parts/74HC138N,652/NXP+Semiconductors/view-part/?ref=snap","74HC138N,652",In Stock,,1826779,NXP,71R2039
