﻿pos_x,pos_y,rotation,side,designator,mpn,pack,footprint,value,mount_type
140.97,-119.38,180.0,top,A2,,,Arduino_Nano,Arduino_Nano_v3.x,tht
149.5,-91.44,90.0,top,AFF2,,,7SegmentLED_LTS6760_LTS6780,LTS-6980HR,tht
163.65,-91.44,90.0,top,AFF3,,,7SegmentLED_LTS6760_LTS6780,LTS-6980HR,tht
177.8,-91.44,90.0,top,AFF4,,,7SegmentLED_LTS6760_LTS6780,LTS-6980HR,tht
191.95,-91.44,90.0,top,AFF5,,,7SegmentLED_LTS6760_LTS6780,LTS-6980HR,tht
182.17,-97.78,0.0,top,SW4,,,SW_PUSH_6mm_H5mm,SW_Push,tht
182.17,-108.24,0.0,top,SW5,,,SW_PUSH_6mm_H5mm,SW_Push,tht
182.17,-118.4,0.0,top,SW6,,,SW_PUSH_6mm_H5mm,SW_Push,tht
168.91,-110.49,0.0,top,U2,,PDIP-16 Texas Instruments,DIP794W45P254L1969H508Q16,CD4511BE,tht
156.21,-119.38,0.0,top,U7,"74HC138N,652",DIP-16,DIP254P762X470-16,74HC138N_652,tht
